,supermarket_name,supermarket_latitude,supermarket_longitude
0,LI LI CHENG SUPERMARKET (PUNGGOL) PTE. LTD.,1.40230300615945,103.901262393433
1,SHENG SIONG SUPERMARKET PTE LTD,1.31423937057047,103.870914035563
2,COLD STORAGE SINGAPORE (1983) PTE LTD,1.3733212172841,103.886365538231
3,COLD STORAGE SINGAPORE (1983) PTE LTD,1.33295872723089,103.914941831132
4,YES SUPERMARKET PTE LTD,1.35345315592225,103.953009921086
5,SUZYAMEER FROZEN PTE. LTD.,1.35226231253931,103.95358649775
6,G8 MART PTE. LTD.,1.36538421638439,103.852966963093
7,SHENG SIONG SUPERMARKET PTE LTD,1.36754924783084,103.83674063794
8,PRIME SUPERMARKET (1996) PTE LTD,1.35370296933733,103.890680794853
9,TAN KWEE ENG,1.43007109706807,103.842396448241
10,SHENG SIONG SUPERMARKET PTE LTD,1.3701886043625,103.843413241014
11,KAI SOON SUPERMARKET PTE. LTD.,1.42213865028433,103.832882666076
12,COLD STORAGE SINGAPORE (1983) PTE LTD,1.32325040085144,103.767260053848
13,THE FISHWIVES PTE. LTD.,1.32257317593847,103.814245545298
14,PRIME SUPERMARKET LIMITED,1.33429241375195,103.87874621482
15,ABEDIN TRADING PTE. LTD.,1.31420654866153,103.886699759329
16,COLD STORAGE SINGAPORE (1983) PTE LTD,1.30222178109552,103.876152670397
17,COLD STORAGE SINGAPORE (1983) PTE LTD,1.32021101601675,103.843656771807
18,SONG FISH DEALER PTE LTD,1.37834971351323,103.762741183479
19,THE SEAFOOD MARKET PLACE (BY SONG FISH) PTE. LTD.,1.43991607901426,103.800701205041
20,SHENG SIONG SUPERMARKET PTE LTD,1.30778510070706,103.857010987509
21,COLD STORAGE SINGAPORE (1983) PTE LTD,1.30484344487426,103.823852799187
22,BLUEWATER SEAFOOD PTE. LTD.,1.30344597442988,103.80938167216
23,WONS BUTCHERY PTE. LTD.,1.30570970646179,103.824463823195
24,LITTLE FARMS PTE. LTD.,1.31064350283582,103.795246166645
25,B & S MINI MART PTE. LTD.,1.31245104539871,103.87962231543
26,"CHEE MIN KUAN, SIMON",1.30373373435466,103.896498243508
27,JSJ CORPORATION PTE. LTD.,1.31845201086353,103.985869406123
28,U STARS PTE. LTD.,1.37860238037503,103.941978177656
29,LOTTE MART PTE. LTD.,1.34082661486743,103.774213263461
30,AJMAL TRADING GROUP PTE. LTD.,1.32210836314021,103.727480745718
31,MURUGAN TRADERS PTE LTD,1.32491980413317,103.705099705855
32,SHENG SIONG SUPERMARKET PTE LTD,1.35572307607651,103.739303106346
33,SHENG SIONG SUPERMARKET PTE LTD,1.44680413155135,103.80548757912
34,AJMAL TRADING GROUP PTE. LTD.,1.46152554782754,103.809438952915
35,SHENG SIONG SUPERMARKET PTE LTD,1.42015550315781,103.843558892177
36,PHAN NEE TRADING LLP,1.4443412952404,103.839030200378
37,HAO MART PTE. LTD.,1.39990420413757,103.919352755684
38,THE SEAFOOD MARKET PLACE (BY SONG FISH) PTE. LTD.,1.40287845138627,103.913195747038
39,COLD STORAGE SINGAPORE (1983) PTE LTD,1.37264569542777,103.853890711284
40,PAN PACIFIC INTERNATIONAL HOLDINGS PTE. LTD.,1.27458822422728,103.843470740865
41,COLD STORAGE SINGAPORE (1983) PTE LTD,1.30982227398559,103.902232496984
42,SHENG SIONG SUPERMARKET PTE LTD,1.40262196510476,103.916519601442
43,VIVA CORP SERVICES PTE. LTD.,1.33733862368542,103.903735085122
44,SWISS BUTCHERY (2013) PRIVATE LIMITED,1.33176109907579,103.806586886276
45,ROSWELL ENTERPRISE PTE LTD,1.33183240808538,103.806492419384
46,T S J INDUSTRIAL (S) PTE. LTD.,1.33683097371867,103.75434143082
47,COLD STORAGE SINGAPORE (1983) PTE LTD,1.30119131472187,103.905113590458
48,COLD STORAGE SINGAPORE (1983) PTE LTD,1.30974242012866,103.864101650514
49,COLD STORAGE SINGAPORE (1983) PTE LTD,1.31469214115978,103.894480527876
50,COLD STORAGE SINGAPORE (1983) PTE LTD,1.30358269052594,103.76528451751
51,COLD STORAGE SINGAPORE (1983) PTE LTD,1.30684882667818,103.788214538525
52,FOODIE MARKET PLACE PTE. LTD.,1.28345077313013,103.835371310094
53,MUSTAFA HOLDINGS PTE LTD,1.30975274714546,103.855701594507
54,SUPERNATURE PTE LTD,1.30619579913532,103.828509016301
55,HUBER'S PTE. LTD.,1.30679240718754,103.810185824202
56,MEAT THE BUTCHER PTE. LTD.,1.32437350966463,103.809357938829
57,YEO KENG GUAN,1.31661898336453,103.778947263616
58,COLD STORAGE SINGAPORE (1983) PTE LTD,1.31756196835644,103.785840623813
59,COLD STORAGE SINGAPORE (1983) PTE LTD,1.33149147155619,103.806809259373
60,COLD STORAGE SINGAPORE (1983) PTE LTD,1.43576080071655,103.836723882475
61,CHD @ SOON LEE PTE. LTD.,1.33212290136628,103.699070270739
62,SHENG SIONG SUPERMARKET PTE LTD,1.32546808409855,103.725221546037
63,MD SYDUR RAHMAN,1.29501368647394,103.626729263079
64,7SEVEN PTE. LTD.,1.45605972594988,103.786436916899
65,COLD STORAGE SINGAPORE (1983) PTE LTD,1.29929406658312,103.787404060028
66,SHENG SIONG SUPERMARKET PTE LTD,1.44886402051704,103.832392856092
67,U STARS PTE. LTD.,1.44062992233001,103.806198058319
68,SHENG SIONG SUPERMARKET PTE LTD,1.39922856580931,103.889653921063
69,SHENG SIONG SUPERMARKET PTE LTD,1.39158704139214,103.879872489529
70,BHANDARI INTERNATIONAL PTE. LTD.,1.45132505304739,103.791095177079
71,SHENG SIONG SUPERMARKET PTE LTD,1.43351253350403,103.779746864012
72,WAN SIEW YOONG,1.28180062455801,103.842908168065
73,HAO MART PTE. LTD.,1.3282116947432,103.859812582011
74,MCP FAIRMART PTE LTD,1.35925940699667,103.75069463728
75,HAO MART PTE. LTD.,1.27784876908556,103.830811469037
76,PAN PACIFIC INTERNATIONAL HOLDINGS PTE. LTD.,1.3008389164153,103.839434735426
77,COLD STORAGE SINGAPORE (1983) PTE LTD,1.31867575851382,103.892550605327
78,COLD STORAGE SINGAPORE (1983) PTE LTD,1.2886146910195,103.805009970565
79,COLD STORAGE SINGAPORE (1983) PTE LTD,1.42969848150358,103.835776497586
80,COLD STORAGE SINGAPORE (1983) PTE LTD,1.35949663830554,103.885079928732
81,SHENG SIONG SUPERMARKET PTE LTD,1.30246409193291,103.763750974319
82,PRIME SUPERMARKET LIMITED,1.3083652684116,103.860912787999
83,PRIME SUPERMARKET LIMITED,1.34873284070164,103.934010241001
84,COLD STORAGE SINGAPORE (1983) PTE LTD,1.34922418771454,103.934912522809
85,COLD STORAGE SINGAPORE (1983) PTE LTD,1.43600783793646,103.785688733844
86,COLD STORAGE SINGAPORE (1983) PTE LTD,1.43084006633623,103.793416332651
87,LIN POH LING,1.34064293307986,103.854334496723
88,COLD STORAGE SINGAPORE (1983) PTE LTD,1.35067551423916,103.871861623795
89,COLD STORAGE SINGAPORE (1983) PTE LTD,1.30014248326866,103.855786976518
90,NAWAS GLOBAL PTE. LTD.,1.27164226263376,103.633512282372
91,SADIA MINIMART PTE LTD,1.40852996570468,103.759406170784
92,MEIDI-YA SINGAPORE CO (PTE) LTD,1.29151478613339,103.844586298874
93,IROHA INTERNATIONAL PTE. LTD.,1.30074756196423,103.845047628503
94,COLD STORAGE SINGAPORE (1983) PTE LTD,1.29225958853816,103.842561031003
95,LITTLE FARMS PTE. LTD.,1.29301786111443,103.826940812301
96,SHENG SIONG SUPERMARKET PTE LTD,1.32213636288701,103.738292804658
97,PHAN NEE INVESTMENTS (S) PTE LTD,1.37761083897742,103.718403752899
98,COLD STORAGE SINGAPORE (1983) PTE LTD,1.33177581668164,103.946201244496
99,RAW MARKET PTE. LTD.,1.37558830763911,103.960839727952
100,THE BUTCHER (SINGAPORE) PTE. LTD.,1.3119219563809,103.796844046992
101,HAO MART PTE. LTD.,1.43359514246154,103.839685380422
102,SEOUL BUTCHERY PTE. LTD.,1.34207496300068,103.774632799754
103,V SURESH KUMAR,1.45982817398421,103.820073449022
104,COLD STORAGE SINGAPORE (1983) PTE LTD,1.33899462247146,103.793133813234
105,HAO MART PTE. LTD.,1.31317509715873,103.883646674404
106,COLD STORAGE SINGAPORE (1983) PTE LTD,1.30372322367268,103.835240311923
107,COLD STORAGE SINGAPORE (1983) PTE LTD,1.27737236043423,103.852844804264
108,COLD STORAGE SINGAPORE (1983) PTE LTD,1.30074756196423,103.845047628503
109,COLD STORAGE SINGAPORE (1983) PTE LTD,1.29380236091495,103.831757911005
110,POPULAR SUPERMARKET PTE LTD,1.27030978388319,103.634163915466
111,SADIA SUPERMARKET & TRADING (S) PTE. LTD.,1.27030978388319,103.634163915466
112,COLD STORAGE SINGAPORE (1983) PTE LTD,1.24775861864545,103.841921096861
113,COLD STORAGE SINGAPORE (1983) PTE LTD,1.31943617521461,103.82734585139
114,COLD STORAGE SINGAPORE (1983) PTE LTD,1.38529556248789,103.766170532015
115,COLD STORAGE SINGAPORE (1983) PTE LTD,1.34962234403109,103.849881701299
116,NTUC FAIRPRICE CO-OPERATIVE LTD,1.33166183429417,103.850483008706
117,NTUC FAIRPRICE CO-OPERATIVE LTD,1.36032331726566,103.953125974103
118,NTUC FAIRPRICE CO-OPERATIVE LTD,1.34837104824236,103.948128932393
119,NTUC FAIRPRICE CO-OPERATIVE LTD,1.39219777362583,103.90447160757
120,NTUC FAIRPRICE CO-OPERATIVE LTD,1.38493201671183,103.901558027563
121,NTUC FAIRPRICE CO-OPERATIVE LTD,1.35466901882051,103.830919788426
122,NTUC FAIRPRICE CO-OPERATIVE LTD,1.33296549379038,103.847050353797
123,NTUC FAIRPRICE CO-OPERATIVE LTD,1.32397688357175,103.910689656957
124,NTUC FAIRPRICE CO-OPERATIVE LTD,1.35722282377111,103.843785259758
125,NTUC FAIRPRICE CO-OPERATIVE LTD,1.37976753619581,103.936207570696
126,NTUC FAIRPRICE CO-OPERATIVE LTD,1.31553964712804,103.898764898642
127,NTUC FAIRPRICE CO-OPERATIVE LTD,1.30782737247273,103.884763855717
128,NTUC FAIRPRICE CO-OPERATIVE LTD,1.35437073798267,103.985169647877
129,NTUC FAIRPRICE CO-OPERATIVE LTD,1.32118979604503,103.903266275569
130,NTUC FAIRPRICE CO-OPERATIVE LTD,1.35067551423916,103.871861623795
131,NTUC FAIRPRICE CO-OPERATIVE LTD,1.33233467983413,103.938051292004
132,NTUC FAIRPRICE CO-OPERATIVE LTD,1.31414996835354,103.888544913634
133,NTUC FAIRPRICE CO-OPERATIVE LTD,1.3343251542009,103.962389306789
134,NTUC FAIRPRICE CO-OPERATIVE LTD,1.33491977399192,103.963653907777
135,NTUC FAIRPRICE CO-OPERATIVE LTD,1.32477207902253,103.929267657363
136,NTUC FAIRPRICE CO-OPERATIVE LTD,1.32424554991112,103.9415687075
137,NTUC FAIRPRICE CO-OPERATIVE LTD,1.3551909440899,103.988750977656
138,NTUC FAIRPRICE CO-OPERATIVE LTD,1.30385030848158,103.902850380057
139,NTUC FAIRPRICE CO-OPERATIVE LTD,1.33253590792541,103.867036838441
140,NTUC FAIRPRICE CO-OPERATIVE LTD,1.30384327849927,103.872750707738
141,NTUC FAIRPRICE CO-OPERATIVE LTD,1.34270618915228,103.953024500232
142,NTUC FAIRPRICE CO-OPERATIVE LTD,1.33177055027825,103.879294502591
143,NTUC FAIRPRICE CO-OPERATIVE LTD,1.33653867658135,103.888762709438
144,NTUC FAIRPRICE CO-OPERATIVE LTD,1.31886941200841,103.894731355106
145,JMD RETAIL PTE. LTD.,1.3041644719774,103.896327021939
146,NTUC FAIRPRICE CO-OPERATIVE LTD,1.28112227851946,103.8100313205
147,COLD STORAGE SINGAPORE (1983) PTE LTD,1.26389581950121,103.821589250415
148,NTUC FAIRPRICE CO-OPERATIVE LTD,1.30476357340306,103.781697201377
149,NTUC FAIRPRICE CO-OPERATIVE LTD,1.38003057765068,103.75311841662
150,NTUC FAIRPRICE CO-OPERATIVE LTD,1.33931503939035,103.705351000578
151,NTUC FAIRPRICE CO-OPERATIVE LTD,1.39730189954737,103.746558069293
152,NTUC FAIRPRICE CO-OPERATIVE LTD,1.39712885652678,103.747329724589
153,LAMIAH ENTERPRISE PTE. LTD.,1.31146784739883,103.630340087983
154,NTUC FAIRPRICE CO-OPERATIVE LTD,1.31485322616185,103.764248204763
155,NTUC FAIRPRICE CO-OPERATIVE LTD,1.27338252999837,103.808934817338
156,NTUC FAIRPRICE CO-OPERATIVE LTD,1.27367658025919,103.801126955437
157,NTUC FAIRPRICE CO-OPERATIVE LTD,1.33326818232541,103.740176741625
158,NTUC FAIRPRICE CO-OPERATIVE LTD,1.31427860895568,103.771350566042
159,NTUC FAIRPRICE CO-OPERATIVE LTD,1.34833334908052,103.72430732776
160,NTUC FAIRPRICE CO-OPERATIVE LTD,1.31188596098541,103.759080943921
161,NTUC FAIRPRICE CO-OPERATIVE LTD,1.29277432695785,103.784084020187
162,NTUC FAIRPRICE CO-OPERATIVE LTD,1.34770147779384,103.757044586256
163,NTUC FAIRPRICE CO-OPERATIVE LTD,1.33320021671365,103.743170430901
164,NTUC FAIRPRICE CO-OPERATIVE LTD,1.36650698092595,103.746847123122
165,SHINVA AGRO FOODS PTE. LTD.,1.3110024025961,103.631572325734
166,NTUC FAIRPRICE CO-OPERATIVE LTD,1.32460665101076,103.67809636872
167,SHINVA AGRO FOODS PTE. LTD.,1.30091146604893,103.627788892117
168,NTUC FAIRPRICE CO-OPERATIVE LTD,1.392073879435,103.743099576144
169,NTUC FAIRPRICE CO-OPERATIVE LTD,1.32052027199062,103.742651522893
170,PHAN NEE INVESTMENTS (S) PTE LTD,1.37193280471552,103.720857418902
171,NTUC FAIRPRICE CO-OPERATIVE LTD,1.34259104167685,103.739199499869
172,THE QUALITYMART DEPOT PTE. LTD.,1.28220136427594,103.803023763143
173,COLD STORAGE SINGAPORE (1983) PTE LTD,1.34813378503649,103.685418471527
174,SHENG SIONG SUPERMARKET PTE LTD,1.35303824733614,103.743948448003
175,HONESTBEE PTE. LTD.,1.27604519475402,103.797187338711
176,NTUC FAIRPRICE CO-OPERATIVE LTD,1.28646345680433,103.826935081592
177,NTUC FAIRPRICE CO-OPERATIVE LTD,1.28311950277785,103.817642874205
178,NTUC FAIRPRICE CO-OPERATIVE LTD,1.32512653292631,103.851055636335
179,NTUC FAIRPRICE CO-OPERATIVE LTD,1.28977814003505,103.826793758818
180,NTUC FAIRPRICE CO-OPERATIVE LTD,1.27624052975614,103.843006122101
181,NTUC FAIRPRICE CO-OPERATIVE LTD,1.29727532047679,103.838533933775
182,NTUC FAIRPRICE CO-OPERATIVE LTD,1.38054244056369,103.763993951638
183,NTUC FAIRPRICE CO-OPERATIVE LTD,1.44822653003389,103.819462105427
184,NTUC FAIRPRICE CO-OPERATIVE LTD,1.43262602939439,103.774051198699
185,NTUC FAIRPRICE CO-OPERATIVE LTD,1.43755656449988,103.79513640221
186,NTUC FAIRPRICE CO-OPERATIVE LTD,1.42452848118598,103.846595550971
187,NTUC FAIRPRICE CO-OPERATIVE LTD,1.42919468259866,103.781136890158
188,NTUC FAIRPRICE CO-OPERATIVE LTD,1.42952522056756,103.83499514286
189,NTUC FAIRPRICE CO-OPERATIVE LTD,1.41698315581696,103.835218187743
190,NTUC FAIRPRICE CO-OPERATIVE LTD,1.38509601466743,103.760218439756
191,NTUC FAIRPRICE CO-OPERATIVE LTD,1.36655829857198,103.841624088452
192,NTUC FAIRPRICE CO-OPERATIVE LTD,1.41103598112316,103.84403989942
193,NTUC FAIRPRICE CO-OPERATIVE LTD,1.32383512680832,103.809999578549
194,NTUC FAIRPRICE CO-OPERATIVE LTD,1.31248299329666,103.765476758596
195,NTUC FAIRPRICE CO-OPERATIVE LTD,1.33865677093942,103.778560473793
196,NTUC FAIRPRICE CO-OPERATIVE LTD,1.33375343289468,103.739371389066
197,NTUC FAIRPRICE CO-OPERATIVE LTD,1.33983014805774,103.706460886826
198,NTUC FAIRPRICE CO-OPERATIVE LTD,1.33205937638185,103.722452888408
199,NTUC FAIRPRICE CO-OPERATIVE LTD,1.33504201869474,103.720268020639
200,NTUC FAIRPRICE CO-OPERATIVE LTD,1.34716235926513,103.74280788296
201,NTUC FAIRPRICE CO-OPERATIVE LTD,1.3487108014327,103.74933452639
202,NTUC FAIRPRICE CO-OPERATIVE LTD,1.34551209957725,103.731219147651
203,NTUC FAIRPRICE CO-OPERATIVE LTD,1.29270339832466,103.810958960395
204,SHENG SIONG SUPERMARKET PTE LTD,1.37563500165175,103.871996419079
205,NTUC FAIRPRICE CO-OPERATIVE LTD,1.32099294995032,103.870389995935
206,NTUC FAIRPRICE CO-OPERATIVE LTD,1.28645354374901,103.80824240096
207,NTUC FAIRPRICE CO-OPERATIVE LTD,1.29301786111443,103.826940812301
208,NTUC FAIRPRICE CO-OPERATIVE LTD,1.32042967863542,103.843892126913
209,NTUC FAIRPRICE CO-OPERATIVE LTD,1.36924890739397,103.848399235571
210,NTUC FAIRPRICE CO-OPERATIVE LTD,1.31536303357228,103.849434508531
211,NTUC FAIRPRICE CO-OPERATIVE LTD,1.31265450087908,103.87254179955
212,NTUC FAIRPRICE CO-OPERATIVE LTD,1.28480734614992,103.829298011427
213,NTUC FAIRPRICE CO-OPERATIVE LTD,1.32379607925067,103.855670628839
214,NTUC FAIRPRICE CO-OPERATIVE LTD,1.31139349438913,103.856487121487
215,NTUC FAIRPRICE CO-OPERATIVE LTD,1.2770770759001,103.831425859726
216,"JEWISH WELFARE BOARD, SINGAPORE, THE",1.29827328917638,103.850599507143
217,NTUC FAIRPRICE CO-OPERATIVE LTD,1.30585583497043,103.832984361905
218,NTUC FAIRPRICE CO-OPERATIVE LTD,1.37140920462192,103.847082884002
219,NTUC FAIRPRICE CO-OPERATIVE LTD,1.27458822422728,103.843470740865
220,NTUC FAIRPRICE CO-OPERATIVE LTD,1.3270848591504,103.846476465683
221,NTUC FAIRPRICE CO-OPERATIVE LTD,1.3921382839313,103.872490556756
222,COLD STORAGE SINGAPORE (1983) PTE LTD,1.29487905112125,103.857675501543
223,NTUC FAIRPRICE CO-OPERATIVE LTD,1.30880609469533,103.861311961994
224,COLD STORAGE SINGAPORE (1983) PTE LTD,1.27461794177448,103.8443195557
225,NTUC FAIRPRICE CO-OPERATIVE LTD,1.39139305725169,103.876067662182
226,NTUC FAIRPRICE CO-OPERATIVE LTD,1.38621835288115,103.892995500981
227,NTUC FAIRPRICE CO-OPERATIVE LTD,1.28668027234677,103.813766343919
228,NTUC FAIRPRICE CO-OPERATIVE LTD,1.3708945610762,103.856396513475
229,NTUC FAIRPRICE CO-OPERATIVE LTD,1.36321586107786,103.835445360583
230,NTUC FAIRPRICE CO-OPERATIVE LTD,1.31909344185792,103.86390532629
231,NTUC FAIRPRICE CO-OPERATIVE LTD,1.33889072011391,103.848993319083
232,SF (313) PTE. LTD.,1.29487905112125,103.857675501543
233,YOUR GROCER PRIVATE LIMITED,1.28807688301773,103.827081283638
234,COLD STORAGE SINGAPORE (1983) PTE LTD,1.28022768611886,103.853349301911
235,PAN PACIFIC INTERNATIONAL HOLDINGS PTE. LTD.,1.31139349438913,103.856487121487
236,NTUC FAIRPRICE CO-OPERATIVE LTD,1.32176644586798,103.886672786663
237,NTUC FAIRPRICE CO-OPERATIVE LTD,1.32594069682932,103.931640028654
238,NTUC FAIRPRICE CO-OPERATIVE LTD,1.36979940182639,103.873035798474
239,NTUC FAIRPRICE CO-OPERATIVE LTD,1.30141955705642,103.907112664975
240,NTUC FAIRPRICE CO-OPERATIVE LTD,1.31230752821693,103.92523453825
241,NTUC FAIRPRICE CO-OPERATIVE LTD,1.32855656927862,103.885349909653
242,NTUC FAIRPRICE CO-OPERATIVE LTD,1.30836165161607,103.907988815995
243,NTUC FAIRPRICE CO-OPERATIVE LTD,1.34634819293844,103.712429317152
244,NTUC FAIRPRICE CO-OPERATIVE LTD,1.38506836300634,103.744950388654
245,NTUC FAIRPRICE CO-OPERATIVE LTD,1.34528144162057,103.945344294717
246,NTUC FAIRPRICE CO-OPERATIVE LTD,1.394184094795,103.912976438987
247,NTUC FAIRPRICE CO-OPERATIVE LTD,1.3554217626792,103.934315234757
248,NTUC FAIRPRICE CO-OPERATIVE LTD,1.37714073427956,103.953599087705
249,NTUC FAIRPRICE CO-OPERATIVE LTD,1.38233698021703,103.893607840929
250,COLD STORAGE SINGAPORE (1983) PTE LTD,1.35431556438279,103.94501945797
251,NTUC FAIRPRICE CO-OPERATIVE LTD,1.37177995742086,103.894165384101
252,NTUC FAIRPRICE CO-OPERATIVE LTD,1.36516070959148,103.865041855148
253,NTUC FAIRPRICE CO-OPERATIVE LTD,1.40461002768949,103.908665607626
254,NTUC FAIRPRICE CO-OPERATIVE LTD,1.3774300635181,103.903712868236
255,NTUC FAIRPRICE CO-OPERATIVE LTD,1.35349616014431,103.939683594446
256,U STARS SUPERMARKET PTE. LTD.,1.3512641069979,103.929363838846
257,NTUC FAIRPRICE CO-OPERATIVE LTD,1.35524289885319,103.931623638518
258,NTUC FAIRPRICE CO-OPERATIVE LTD,1.40287845138627,103.913195747038
259,NTUC FAIRPRICE CO-OPERATIVE LTD,1.43507789397689,103.78661961568
260,NTUC FAIRPRICE CO-OPERATIVE LTD,1.45384518800838,103.819543348008
261,NTUC FAIRPRICE CO-OPERATIVE LTD,1.44956647612199,103.818641141782
262,NTUC FAIRPRICE CO-OPERATIVE LTD,1.30918211194726,103.79254748678
263,SHENG SIONG SUPERMARKET PTE LTD,1.38060511575374,103.760041592308
264,NTUC FAIRPRICE CO-OPERATIVE LTD,1.43106395014876,103.790454085829
265,NTUC FAIRPRICE CO-OPERATIVE LTD,1.37834971351323,103.762741183479
266,CUTECH GREEN VENTURES PTE. LTD.,1.45334362223108,103.795682402301
267,NTUC FAIRPRICE CO-OPERATIVE LTD,1.42799995739162,103.836142036927
268,NTUC FAIRPRICE CO-OPERATIVE LTD,1.43991607901426,103.800701205041
269,NTUC FAIRPRICE CO-OPERATIVE LTD,1.3084928850612,103.784598109774
270,NTUC FAIRPRICE CO-OPERATIVE LTD,1.41799925737436,103.841236466066
271,SHENG SIONG SUPERMARKET PTE LTD,1.43109807068463,103.798507625993
272,NTUC FAIRPRICE CO-OPERATIVE LTD,1.34888843913817,103.849691986415
273,NTUC FAIRPRICE CO-OPERATIVE LTD,1.35023942729665,103.848477626073
274,NTUC FAIRPRICE CO-OPERATIVE LTD,1.37231186456868,103.893661619219
275,NTUC FAIRPRICE CO-OPERATIVE LTD,1.37361830003654,103.88574886332
276,NTUC FAIRPRICE CO-OPERATIVE LTD,1.35757558065219,103.884038461279
277,NTUC FAIRPRICE CO-OPERATIVE LTD,1.3756672808109,103.879450260083
278,NTUC FAIRPRICE CO-OPERATIVE LTD,1.37244980890777,103.949715696944
279,NTUC FAIRPRICE CO-OPERATIVE LTD,1.35267232042901,103.944387982831
280,NTUC FAIRPRICE CO-OPERATIVE LTD,1.33740471321143,103.921774737841
281,SONG FISH DEALER PTE LTD,1.3236517309902,103.922102964585
282,U STARS PTE. LTD.,1.41517633772651,103.83983039077
283,SHENG SIONG SUPERMARKET PTE LTD,1.30203802909961,103.798021747973
284,L M MEAT PTE. LTD.,1.3236517309902,103.922102964585
285,SHENG SIONG SUPERMARKET PTE LTD,1.36700053512078,103.964617780128
286,OH BENG GUAN,1.36393821477866,103.751896006132
287,IROHA INTERNATIONAL PTE. LTD.,1.28499883856532,103.844697090786
288,COLD STORAGE SINGAPORE (1983) PTE LTD,1.36462540011122,103.847677043508
289,COLD STORAGE SINGAPORE (1983) PTE LTD,1.38739537368097,103.869135979297
290,COLD STORAGE SINGAPORE (1983) PTE LTD,1.30523472024853,103.905014934935
291,CULINA PTE LTD,1.30417511894087,103.809526142547
292,COLD STORAGE SINGAPORE (1983) PTE LTD,1.33362232032979,103.8509778648
293,COLD STORAGE SINGAPORE (1983) PTE LTD,1.28692006435587,103.818673599932
294,SHENG SIONG SUPERMARKET PTE LTD,1.32463573239521,103.931068836577
295,PRIME SUPERMARKET LIMITED,1.43998365427584,103.801293114431
296,NG TOH TET,1.35151847178612,103.719496485079
297,HAO MART PTE. LTD.,1.33545352733956,103.863387984978
298,CHUA & NG PTE. LTD.,1.33205094619271,103.914145078086
299,LOCH GROCER PTE. LTD.,1.34995541023414,103.717704811504
300,TANESEI TRADING PTE. LTD.,1.30684882667818,103.788214538525
301,ARCHANA SUPERMARKET PTE. LTD.,1.32048426082957,103.726722841969
302,COLD STORAGE SINGAPORE (1983) PTE LTD,1.45000861248809,103.81411090726
303,COLD STORAGE SINGAPORE (1983) PTE LTD,1.34239284479656,103.776250537642
304,COLD STORAGE SINGAPORE (1983) PTE LTD,1.33667572858824,103.783709152299
305,ISETAN (SINGAPORE) LIMITED?,1.33402529468935,103.742586015051
306,COLD STORAGE SINGAPORE (1983) PTE LTD,1.34159108250934,103.697020082225
307,PRIME SUPERMARKET LIMITED,1.34872643268225,103.698292007732
308,SHENG SIONG SUPERMARKET PTE LTD,1.34737179952411,103.743698115504
309,COLD STORAGE SINGAPORE (1983) PTE LTD,1.3501891589254,103.749021982726
310,TANESEI RETAILING PTE. LTD.,1.3523611297845,103.943784815991
311,LITTLE FARMS PTE. LTD.,1.27672493204774,103.845155396186
312,MAHOTA FOOD PTE. LTD.,1.3523611297845,103.943784815991
313,SONG FISH DEALER PTE LTD,1.3523611297845,103.943784815991
314,SHENG SIONG SUPERMARKET PTE LTD,1.30811886968959,103.786049389035
315,SHENG SIONG SUPERMARKET PTE LTD,1.3778920308286,103.856411982148
316,ISYMI PTE LTD,1.35530903339479,103.887857189653
317,THE SEAFOOD MARKET PLACE (BY SONG FISH) PTE. LTD.,1.31469214115978,103.894480527876
318,TOH GUAN MINI MART PTE LTD,1.33832657868868,103.753536116977
319,KADER HASNA MARICAN,1.33314577537318,103.695248113879
320,"TANG KER AN, TIMOTHY",1.3206250589085,103.934734229515
321,COLD STORAGE SINGAPORE (1983) PTE LTD,1.37904775569569,103.772937487064
322,MM SUNDRY SHOP PTE.LTD.,1.45464654784747,103.804476738376
323,AL MARCHE PTE LTD,1.28076944309971,103.852658565645
324,COLD STORAGE SINGAPORE (1983) PTE LTD,1.33081740177866,103.795692359115
325,COLD STORAGE SINGAPORE (1983) PTE LTD,1.31025542171459,103.795350440968
326,THE ALASKA GUYS PTE. LTD.,1.31212247677014,103.911185988113
327,COLD STORAGE SINGAPORE (1983) PTE LTD,1.44053814947729,103.800977588529
328,SONG FISH DEALER PTE LTD,1.42969848150358,103.835776497586
329,SHENG SIONG SUPERMARKET PTE LTD,1.3882402152635,103.769575387874
330,SHENG SIONG SUPERMARKET PTE LTD,1.39779874004409,103.881698809438
331,COLD STORAGE SINGAPORE (1983) PTE LTD,1.40053114255394,103.91053692695
332,COLD STORAGE SINGAPORE (1983) PTE LTD,1.28263437748971,103.825595755974
333,COLD STORAGE SINGAPORE (1983) PTE LTD,1.36267450256161,103.76417292134
334,COLD STORAGE SINGAPORE (1983) PTE LTD,1.3165446779962,103.894289394701
335,TANESEI RETAILING PTE. LTD.,1.30523472024853,103.905014934935
336,SHENG SIONG SUPERMARKET PTE LTD,1.38400581939075,103.771029612234
337,COLD STORAGE SINGAPORE (1983) PTE LTD,1.37805613765446,103.73893180394
338,U STARS PTE. LTD.,1.37405796748332,103.746160084444
339,FORTUNE SUPERMARKET PTE. LTD.,1.44834154204666,103.801057153449
340,HAO MART PTE. LTD.,1.45026201712259,103.822534722305
341,U STARS SUPERMARKET PTE. LTD.,1.40322711960687,103.895387026654
342,SHENG SIONG SUPERMARKET PTE LTD,1.40371939366127,103.906138013326
343,ANG MO SUPERMARKET PTE LTD,1.39946117297002,103.916054504161
344,COLD STORAGE SINGAPORE (1983) PTE LTD,1.40566047542135,103.911991279242
345,SHENG SIONG SUPERMARKET PTE LTD,1.30778510070706,103.857010987509
346,SWISS BUTCHERY PTE LTD,1.30561167116125,103.822962948156
347,COLD STORAGE SINGAPORE (1983) PTE LTD,1.32257317593847,103.814245545298
348,CP MANAGEMENT SERVICES PRIVATE LIMITED,1.32674394478206,104.003578458884
349,VINAYAK TRADERS PTE. LTD.,1.31923811377776,103.732882480415
350,TASTE (SINGAPORE) PRIVATE LIMITED,1.31052978656723,103.796105205941
351,SHENG SIONG SUPERMARKET PTE LTD,1.43303198083989,103.84160082548
352,PRIME SUPERMARKET (1996) PTE LTD,1.37743962647899,103.744383226701
353,CAVEMEN PTE. LTD.,1.32696540868721,103.843674239785
354,COLD STORAGE SINGAPORE (1983) PTE LTD,1.30766861522346,103.828164400669
355,COLD STORAGE SINGAPORE (1983) PTE LTD,1.30197804716068,103.839758898411
356,PRIME SUPERMARKET (1996) PTE LTD,1.3467646554181,103.6788181373
357,COLD STORAGE SINGAPORE (1983) PTE LTD,1.31275329888806,103.92365787344
358,MOHAMAD DAMAR HULAN BIN OSMAN,1.31714973629572,103.903965194579
359,THE FOODSPREE PTE LTD,1.31290445966393,103.899711254654
360,HAO MART PTE. LTD.,1.30706067505236,103.923769733618
361,COLD STORAGE SINGAPORE (1983) PTE LTD,1.33142685592296,103.948257061053
362,SHENG SIONG SUPERMARKET PTE LTD,1.33824202544731,103.9233039386
363,COLD STORAGE SINGAPORE (1983) PTE LTD,1.36899800601439,103.958647646173
364,SHENG SIONG SUPERMARKET PTE LTD,1.36968624846978,103.947922430563
365,COLD STORAGE SINGAPORE (1983) PTE LTD,1.380850346979,103.879309100327
366,L M MEAT PTE. LTD.,1.32042967863542,103.843892126913
367,FISHOP PTE. LTD.,1.2886146910195,103.805009970565
368,HONG HENG SENG,1.2811973776484,103.843437329467
369,COLD STORAGE SINGAPORE (1983) PTE LTD,1.33502430397913,103.746638245311
370,U STARS SUPERMARKET PTE. LTD.,1.31770281913597,103.769076732946
371,KEK HONG HENG,1.31800981292651,103.731948910121
372,LIM KING CHEW,1.36271446207954,103.893980506642
373,COLD STORAGE SINGAPORE (1983) PTE LTD,1.30119131472187,103.905113590458
374,PRIME SUPERMARKET (1996) PTE LTD,1.3206250589085,103.934734229515
375,SHENG SIONG SUPERMARKET PTE LTD,1.37829768231985,103.754071407342
376,COLD STORAGE SINGAPORE (1983) PTE LTD,1.32000040915087,103.887363072166
377,SHENG SIONG SUPERMARKET PTE LTD,1.33904479825353,103.855541071679
378,MCP FAIRMART PTE LTD,1.33233467983413,103.938051292004
379,ONE EIGHT SHOP PTE. LTD.,1.33658465251142,103.737623311665
380,COLD STORAGE SINGAPORE (1983) PTE LTD,1.35831704701199,103.749579874348
381,COLD STORAGE SINGAPORE (1983) PTE LTD,1.33306648172659,103.931091390123
382,HAO MART PTE. LTD.,1.3599856700583,103.958247655538
383,COLD STORAGE SINGAPORE (1983) PTE LTD,1.43061828496815,103.828762985206
384,COLD STORAGE SINGAPORE (1983) PTE LTD,1.2777953943487,103.819341304521
385,COLD STORAGE SINGAPORE (1983) PTE LTD,1.31008118565207,103.788532895746
386,PRIME SUPERMARKET LIMITED,1.34857536716152,103.742708640389
387,SHENG SIONG SUPERMARKET PTE LTD,1.41601879836322,103.835000770936
388,COLD STORAGE SINGAPORE (1983) PTE LTD,1.32987219697453,103.901929745106
389,ANG MO SUPERMARKET PTE LTD,1.37170342503995,103.879938988612
390,EN FROZEN PTE LTD,1.31672515166437,103.89797741752
391,LAURELS FOODS SUPPLIERS PTE LTD,1.32044171174546,103.778972465008
392,SHENG SIONG SUPERMARKET PTE LTD,1.42750547876461,103.837125285904
393,SHENG SIONG SUPERMARKET PTE LTD,1.43150526868815,103.773515667645
394,TEO BOBBY,1.35367102829776,103.870756830653
395,SHAHUL HAMEED S/O ABDUSALAM,1.34753518989402,103.951702778283
396,COLD STORAGE SINGAPORE (1983) PTE LTD,1.34669905043909,103.757276703167
397,COLD STORAGE SINGAPORE (1983) PTE LTD,1.35323163805116,103.871472859034
398,COLD STORAGE SINGAPORE (1983) PTE LTD,1.30560570262798,103.915376080603
399,SHENG SIONG SUPERMARKET PTE LTD,1.32918105553869,103.888248444761
400,COLD STORAGE SINGAPORE (1983) PTE LTD,1.4361142481059,103.837605239088
401,PRIME SUPERMARKET (1996) PTE LTD,1.38079049151902,103.751954418498
402,TAN CHUAN BOON,1.36620942758889,103.895144898127
403,SHENG SIONG SUPERMARKET PTE LTD,1.32161904109972,103.859382727107
404,PRIME SUPERMARKET LIMITED,1.34201783432949,103.691483120672
405,MCP FAIRMART PTE LTD,1.33375343289468,103.739371389066
406,SHENG SIONG SUPERMARKET PTE LTD,1.33143368800346,103.936865411478
407,HAO MART PTE. LTD.,1.32471580637604,103.857752875465
408,COLD STORAGE SINGAPORE (1983) PTE LTD,1.2471504063107,103.839555012608
409,COLD STORAGE SINGAPORE (1983) PTE LTD,1.26206336450486,103.818625588159
410,L M MEAT PTE. LTD.,1.30358269052594,103.76528451751
411,U STARS PTE. LTD.,1.3775438427841,103.749700044104
412,GURU'S MARKETING PTE. LTD.,1.31923811377776,103.732882480415
413,ISETAN (SINGAPORE) LIMITED?,1.3058097922131,103.831507328438
414,SHENG SIONG SUPERMARKET PTE LTD,1.30973331408822,103.768637301316
415,COLD STORAGE SINGAPORE (1983) PTE LTD,1.30176130745621,103.769369393442
416,SHENG SIONG SUPERMARKET PTE LTD,1.29531966854901,103.809758594158
417,COLD STORAGE SINGAPORE (1983) PTE LTD,1.29389358752931,103.853119912535
418,COLD STORAGE SINGAPORE (1983) PTE LTD,1.30242417909428,103.83467613466
419,COLD STORAGE SINGAPORE (1983) PTE LTD,1.33211277384514,103.857378075734
420,NTUC FAIRPRICE CO-OPERATIVE LTD,1.29090918346994,103.803107635392
421,NTUC FAIRPRICE CO-OPERATIVE LTD,1.28499883856532,103.844697090786
422,COLD STORAGE SINGAPORE (1983) PTE LTD,1.31733464253519,103.843463185078
423,COLD STORAGE SINGAPORE (1983) PTE LTD,1.37924528806956,103.887832026894
424,TEO BOBBY,1.32476040694715,103.924370235887
425,LOH NYEN YIU,1.30275121791614,103.865163649373
426,ARCHANA PROVISION STORES PTE. LTD,1.31923811377776,103.732882480415
427,KINGSMART PTE. LTD.,1.31621042313667,103.732527150838
428,AP HOUSE PTE. LTD.,1.27830730320321,103.850795182002
429,HAO MART PTE. LTD.,1.31179544978998,103.936894516324
430,COLD STORAGE SINGAPORE (1983) PTE LTD,1.3214476908532,103.955419467871
431,U STARS SUPERMARKET PTE. LTD.,1.39684979447052,103.889246757276
432,U STARS SUPERMARKET PTE. LTD.,1.38977025366003,103.892787164081
433,PRIME SUPERMARKET (1996) PTE LTD,1.37368392879254,103.871416983339
434,SHENG SIONG SUPERMARKET PTE LTD,1.35184498235634,103.836053654084
435,PHAN NEE INVESTMENTS (S) PTE LTD,1.44518329012928,103.837963232741
436,COLD STORAGE SINGAPORE (1983) PTE LTD,1.41738336744103,103.832979911333
437,GW TRADER PTE. LTD.,1.41833137911794,103.896447890319
438,PHANG NEE ENTERPRISE PTE. LTD.,1.32078791294416,103.729751339131
439,SHENG SIONG SUPERMARKET PTE LTD,1.41081926280607,103.900371678954
440,FOUR SEASONS ORGANIC MARKET PTE. LTD.,1.30119131472187,103.905113590458
441,THE BUTCHER (SINGAPORE) PTE. LTD.,1.30119131472187,103.905113590458
442,SHENG SIONG SUPERMARKET PTE LTD,1.31427860895568,103.771350566042
443,SHENG SIONG SUPERMARKET PTE LTD,1.3523935762758,103.715759509791
444,THNG SAIK MONG,1.32212393765921,103.770265909205
445,HAO MART PTE. LTD.,1.35803524250899,103.848208491053
446,COLD STORAGE SINGAPORE (1983) PTE LTD,1.35436493617486,103.960042189056
447,SHENG SIONG SUPERMARKET PTE LTD,1.45074972989745,103.796846522878
448,MAHOTA FOOD PTE. LTD.,1.30832700959572,103.862005875543
449,GURU'S MARKETING PTE. LTD.,1.32048426082957,103.726722841969
450,VINAYAK TRADERS PTE. LTD.,1.32048426082957,103.726722841969
451,COLD STORAGE SINGAPORE (1983) PTE LTD,1.44562289934866,103.798140996577
452,CHENNAI TRADING & SUPERMART PTE. LTD.,1.32048426082957,103.726722841969
453,AJMAL TRADE MART PTE. LTD.,1.40631204506347,103.76056171553
454,L M MEAT PTE. LTD.,1.3343251542009,103.962389306789
455,SHENG SIONG SUPERMARKET PTE LTD,1.31923811377776,103.732882480415
456,SUN TRG & CON PTE LTD,1.45132505304739,103.791095177079
457,SHENG SIONG SUPERMARKET PTE LTD,1.28708278767219,103.841580116173
458,COLD STORAGE SINGAPORE (1983) PTE LTD,1.39209414927783,103.894980035249
459,COLD STORAGE SINGAPORE (1983) PTE LTD,1.44176714678225,103.824495079721
460,SONG FISH DEALER PTE LTD,1.28499883856532,103.844697090786
461,SONG FISH DEALER PTE LTD,1.33983014805774,103.706460886826
462,COLD STORAGE SINGAPORE (1983) PTE LTD,1.36645363325574,103.964598501334
463,NG CHAI SENG,1.27392940817544,103.825310769144
464,PRIME SUPERMARKET LIMITED,1.35894636653359,103.750365807136
465,ANG KEN CHUA,1.38062798479668,103.741520112804
466,HAO MART PTE. LTD.,1.33177301702605,103.924236464013
467,COLD STORAGE SINGAPORE (1983) PTE LTD,1.37210169537313,103.931999895836
468,SARATHI STORES PTE LTD,1.33748492133075,103.887004168998
469,SIVAMANI MINIMART PTE LTD,1.33888230373418,103.886109258393
470,HAO MART PTE. LTD.,1.3730794666261,103.829630867108
471,ALTERNATIVE SELECTION PTE. LTD.,1.33661474902075,103.786969223738
472,TUAS SOUTH MINIMART PTE. LTD.,1.27067712305135,103.636144795044
473,NPS IMPEX PTE. LTD,1.29895146739633,103.627517906632
474,COLD STORAGE SINGAPORE (1983) PTE LTD,1.35011243012885,103.724598702353
475,SHENG SIONG SUPERMARKET PTE LTD,1.34878489456242,103.703415655686
476,COLD STORAGE SINGAPORE (1983) PTE LTD,1.36012370572957,103.76754238699
477,GOWRI'S GLOBAL MARKETING PTE. LTD.,1.41072219413685,103.76839596811
478,BALASUBRAMANIYAN KANNADASAN,1.43594535916514,103.754008429832
479,AJMAL TRADE MART PTE. LTD.,1.43069358938447,103.759237297885
480,DE ESPERTO MINIMART PTE. LTD.,1.45122063631724,103.797853420673
481,PHAN NEE TRADING LLP,1.46138853767873,103.818111275279
482,BANGLADESH SUPER MARKET PTE. LTD.,1.45343693357051,103.832526372151
483,LABIBA ENTERPRISE PTE. LTD.,1.39657415558799,103.872851581637
484,COLD STORAGE SINGAPORE (1983) PTE LTD,1.38199703135061,103.897031078181
485,SHAFEN SUPERMARKET & TRADING (S) PTE. LTD.,1.33641798055282,103.751807387865
486,YS LOGISTICS (S) PTE. LTD.,1.30859346145721,103.722316838638
487,MALAR MARKETING PTE. LTD.,1.31335809677308,103.627436995081
488,SADIA SUPERMARKET & TRADING (S) PTE. LTD.,1.31069428534009,103.630190017208
489,GOWRI'S GLOBAL MARKETING PTE. LTD.,1.32888600553213,103.677129986961
490,KAVI TRADERS PTE. LTD.,1.31332235103777,103.627916988491
491,BISMILLAH MINIMART PTE. LTD.,1.40754324060913,103.758094978446
492,FORTUNE SUPERMARKET PTE. LTD.,1.45551208276585,103.814540291548
493,COLD STORAGE SINGAPORE (1983) PTE LTD,1.45273623395178,103.817249280953
494,PRIME SUPERMARKET LIMITED,1.39652617622188,103.908850766913
495,U STARS SUPERMARKET PTE. LTD.,1.40541353593882,103.896823897364
496,COLD STORAGE SINGAPORE (1983) PTE LTD,1.38358044412737,103.770768312339
497,HAO MART PTE. LTD.,1.3734302528997,103.773924087036
498,PRIME SUPERMARKET (1996) PTE LTD,1.42539842085522,103.83325904408
499,SHENG SIONG SUPERMARKET PTE LTD,1.35590218547803,103.945912189651
500,COLD STORAGE SINGAPORE (1983) PTE LTD,1.37454928671824,103.937088181626
501,COLD STORAGE SINGAPORE (1983) PTE LTD,1.42489931802522,103.847249793129
502,PRIME SUPERMARKET LIMITED,1.32328960172887,103.924149642486
503,SHENG SIONG SUPERMARKET PTE LTD,1.3324023017993,103.925500600051
504,HAO MART PTE. LTD.,1.31935027280391,103.943632362171
505,PRIME SUPERMARKET (1996) PTE LTD,1.35209059885687,103.879314599056
506,PRIME SUPERMARKET LIMITED,1.39484815593414,103.896042269736
507,COLD STORAGE SINGAPORE (1983) PTE LTD,1.44275332239793,103.79054802026
508,COLD STORAGE SINGAPORE (1983) PTE LTD,1.374239506746,103.839489194952
509,COLD STORAGE SINGAPORE (1983) PTE LTD,1.34560771369918,103.882695852672
510,D-RON INVESTMENTS PTE. LTD.,1.41690780081275,103.896018766281
511,AJMAL SUPER MART PTE. LTD.,1.31396452002226,103.625764663231
512,COLD STORAGE SINGAPORE (1983) PTE LTD,1.30756237263162,103.829352202761
513,SONG FISH DEALER PTE LTD,1.33320021671365,103.743170430901
514,COLD STORAGE SINGAPORE (1983) PTE LTD,1.31617742511297,103.83781497569
515,COLD STORAGE SINGAPORE (1983) PTE LTD,1.28355872540744,103.858505749339
516,NG LIAN TEE,1.33166477553301,103.80703380493
517,TAN PAK NANG,1.33312323989581,103.878841903145
518,HAO MART PTE. LTD.,1.31346903905925,103.877004750675
519,PRB TRADING PTE. LTD.,1.31208877136103,103.877389270673
520,SHENG SIONG SUPERMARKET PTE LTD,1.3127205532191,103.878641503568
521,I-TEC SUPERMART PTE LTD,1.31328861546158,103.885153154008
522,YEO HOCK HENG,1.31357605426931,103.881877796975
523,AZ SUPERMART PTE. LTD.,1.33809673913723,103.909946665207
524,FOODIE MARKET PLACE PTE. LTD.,1.30608636797175,103.89614964274
525,ZAC MEAT & POULTRY PTE LTD,1.31574933269594,103.925857026336
